dataID,name,category,source,createdAt
1,Sleep Tracker,wellness,manual,2025-11-18 23:39:47
2,Wellness Survey,wellness,manual,2025-09-08 10:56:35
3,Wellness Survey,wellness,csv,2025-07-04 01:24:37
4,Grades Import,academic,api,2025-06-29 19:28:53
5,Grades Import,academic,manual,2025-09-23 08:08:11
6,Student Logs,metrics,manual,2025-07-01 15:11:02
7,Student Logs,metrics,manual,2025-06-04 04:48:40
8,Sleep Tracker,wellness,manual,2025-04-26 22:20:57
9,Student Logs,metrics,manual,2025-04-15 10:08:27
10,Sleep Tracker,wellness,csv,2025-08-24 16:38:21
